{
    "bin1": {
      "pos_x": 298.05596923828125,
      "pos_y": 151.1135711669922,
      "pos_z": 120.0
    },
    "bin2": {
      "pos_x": 300.290283203125,
      "pos_y": 70.38483428955078,
      "pos_z": 120.0
    },
    "bin3": {
      "pos_x": 294.5067443847656,
      "pos_y": 9.910466194152832,
      "pos_z": 120.0
    },
    "bin4": {
      "pos_x": 297.0660400390625,
      "pos_y": -87.13062286376953,
      "pos_z": 120.0
    },
    "bin5": {
      "pos_x": 295.2068786621094,
      "pos_y": -165.52938842773438,
      "pos_z": 120.0
    },
    "dispenser": {
      "pos_x": 0,
      "pos_y": -300,
      "pos_z": 15
    },
    "home": {
      "pos_x": 242.9496307373047,
      "pos_y": 1.9463245868682861,
      "pos_z": 147
    }
  }